{"0": [4.778912691534722, 4.37869337574297, 0.32533036422886186], "4": [4.070434831526049, 6.714014549597567, 5.228380431175074], "8": [1.43230129364903, -2.66192200786067, -2.177944678376481], "5": [-1.2000000000000002, -0.17034363944360204, -1.1916654889850984], "9": [-0.7655834563446249, -0.5038349702404583, -3.5523103875038253], "6": [1.9188452343504299, 3.971422071983979, 0.0], "10": [4.343341837026346, 1.1963706897565392, 1.8319971821579784], "14": [-2.141325743627324e-08, -3.6339695486012025e-08, -3.3633466723257065e-08], "11": [-2.186978363217155e-08, -3.193611724071289e-08, -3.1250708487259415e-08]}