{"0": [-8.137502489513334, -7.44020080746844, -10.30249476982835], "4": [2.3081712173048228, -3.423629652110002, -9.674037643051475], "8": [17.150599328154605, 3.6415503188234375, -2.85178780695807], "12": [29.501775544920754, 16.625829627310477, 0.6111266801868425], "6": [4.2218113917865265, -0.3073983279929724, 0.0], "2": [-0.31165849519367517, -0.3210454757381982, 0.0], "9": [12.145750657696835, 0.0, -3.812642501570762], "5": [5.243236194808709, 3.081517581915087, -3.3304169332943254], "1": [-0.42365903111740977, -0.5573850471757201, 0.0], "13": [4.738466202425219, -0.11856215516029174, -5.574000000000001], "10": [-0.5051448017735071, 5.2828705243950775, -3.004618833016173], "14": [1.5072894309552466e-05, 1.4372681064864857e-05, 1.4966413192692227e-05], "7": [3.8548594205027307, 0.0, 0.0], "15": [-1.3819808775368398e-14, -1.3771640173003406e-14, -9.230731962453799e-15], "11": [1.4901208644665306e-05, 1.4791459070349339e-05, 1.4786412677969868e-05]}