{"4": [3.8080695940119856e-06, 3.8201110046433365e-06, 3.792757041539947e-06], "1": [3.8036325912092214e-06, 3.7764632825800547e-06, 3.893494959348897e-06], "0": [-1.99707317387652e-05, -3.1218457694382074e-05, -2.835159075132643e-05], "9": [0.15147358127399627, 0.15184904821162415, 0.15122395602796349], "5": [1.125526225488245e-05, 1.1456227444380736e-05, 1.1196551215535841e-05], "8": [0.13944768271603183, 0.141280623834231, 0.14069513640310494], "2": [0.14197203281948054, 0.1412519363176315, 0.13940083772498663], "6": [0.14848879920450803, 0.15346739369643086, 0.15410875995226833]}