{"0": [-4.663034596130983, -7.76714211608733, -10.489847720309875], "1": [-29.133067042875215, -25.649896645044173, -29.117023311989474], "2": [-4.197842644754669, -5.918273825342304, -5.6094986257982615], "4": [2.0500937806613173, 6.188847303962165, 1.2132354915907932], "8": [4.2084479689287235, 0.5742727198716224, -2.0298789985459114], "12": [2.932547044177655, 4.709184005869834, 3.885853623907283], "9": [8.775677086693204, -1.6817513967080129, -1.5466955486583807], "5": [-3.1701690590265916, -10.155071420692616, -9.12146329108229], "6": [-1.320909480554846, -0.7845333141638143, -5.415995780864542], "10": [5.5879138814068945, 5.006727444738901, 5.794238406342826], "13": [6.914680544981048, 7.078189718154074, 1.4299531370744873], "11": [0.0012297928681672251, 0.001238520010391294, 0.0012328599988787323], "7": [-0.1945971522883147, 0.0, 0.14268568424020628], "14": [0.0012187406190758024, 0.001220146114547039, 0.0012469246086917007], "15": [-9.954575992248478e-16, -1.32319628197243e-15, -1.8508703907160703e-15]}