{"0": [-30.01532994947954, -29.667115505401288, -30.062969554426022], "1": [-29.85962532515865, -29.674184074166515, -29.223025348877904], "2": [-3.8333474165875883, -2.745992946980253, -2.706917770092627]}