{"4": [1.174695483851741, 0.7175204950453227, 1.0417154051836048], "1": [1.0677325970279419, 1.2075902893699668, 1.7461858245681714], "0": [0.524169699868374, 0.34243769597511686, 0.09682374025238145], "9": [4.055661524898349, 3.8236614868501935, 3.533382546445673], "5": [1.4187592316269972, 1.3076867286172251, 1.0699665261621816], "8": [1.131626195795211, 0.9246625717886398, 0.7050836394159522], "2": [1.679210088591598, 2.3879178743470333, 3.2544390017339118], "6": [4.510359577378609, 4.422138012836688, 4.480226635863719], "10": [0.8100417975827621, 0.6939368101074906, 0.9590744704786403]}