{"4": [0.7546242673778134, 0.8772760108608836, 0.5164621173099855], "1": [1.0710502647322777, 1.2789163977827378, 0.8989952943735269], "0": [-0.07071163391461827, -0.16204652557189606, -0.377168483815885], "9": [3.754250197544505, 4.217760945287774, 4.001473253722237], "5": [0.9148018873426546, 1.2631171438454252, 0.3949333359119771], "8": [2.378600050441898, 0.755830180574049, -0.04085230442785179], "2": [0.5367953867998341, 2.3487037944644036, 0.6358310568270936], "6": [4.607739853169169, 3.940149202083428, 4.700801841520211], "10": [0.8100417975827621, 0.6939368101074906, 0.9590744704786403]}