{"1": [-13.953430691308638, -14.202337108623432, -14.209731925407823], "0": [-14.133194223968085, -13.886157038204942, -14.322105652127709], "2": [-15.256760155851643, -14.259640635208534, -13.936874014219434]}